{
  "features": [
    "Students_enrolled",
    "Attendance_percent",
    "Special_event_enc",
    "Menu_count",
    "Previous_day_leftover_kg",
    "Nonveg_items",
    "Meal_type_enc",
    "Day_enc",
    "Main_nonveg_kg",
    "Main_veg_kg",
    "People_served"
  ],
  "metrics": {
    "mae": 2.8825,
    "rmse": 3.8407,
    "r2": 0.9147
  },
  "feature_importances": {
    "Students_enrolled": 0.0,
    "Attendance_percent": 0.03966522776815219,
    "Special_event_enc": 0.0006537837513144893,
    "Menu_count": 0.0011357239091927761,
    "Previous_day_leftover_kg": 0.009817631880070773,
    "Nonveg_items": 0.025042278913037782,
    "Meal_type_enc": 0.0030621279802179433,
    "Day_enc": 0.0027405031495825773,
    "Main_nonveg_kg": 0.835135109404374,
    "Main_veg_kg": 0.040874361065319914,
    "People_served": 0.041873252178737566
  }
}